{"filter":false,"title":"twitter_stream_1000tweets.json","tooltip":"/twitter_stream/twitter_stream_1000tweets.json","undoManager":{"mark":0,"position":0,"stack":[[{"start":{"row":0,"column":0},"end":{"row":0,"column":6485},"action":"insert","lines":["{\"search_metadata\": {\"count\": 2, \"completed_in\": 0.023, \"max_id_str\": \"799580264900993024\", \"since_id_str\": \"0\", \"next_results\": \"?max_id=799580157493342207&q=from%3A%40hm_morgan%20%23GoogleAlerts&lang=en&count=2&include_entities=1&result_type=recent\", \"refresh_url\": \"?since_id=799580264900993024&q=from%3A%40hm_morgan%20%23GoogleAlerts&lang=en&result_type=recent&include_entities=1\", \"since_id\": 0, \"query\": \"from%3A%40hm_morgan+%23GoogleAlerts\", \"max_id\": 799580264900993024}, \"statuses\": [{\"contributors\": null, \"truncated\": false, \"text\": \"This heart-healthy smart scale delivers what your fitness apps are missing - https://t.co/wyDsh1A57l #GoogleAlerts\", \"is_quote_status\": false, \"in_reply_to_status_id\": null, \"id\": 799580264900993024, \"favorite_count\": 1, \"entities\": {\"symbols\": [], \"user_mentions\": [], \"hashtags\": [{\"indices\": [101, 114], \"text\": \"GoogleAlerts\"}], \"urls\": [{\"url\": \"https://t.co/wyDsh1A57l\", \"indices\": [77, 100], \"expanded_url\": \"http://ln.is/www.cultofmac.com/44/gllV0\", \"display_url\": \"ln.is/www.cultofmac.\\u2026\"}]}, \"retweeted\": false, \"coordinates\": null, \"source\": \"<a href=\\\"http://linkis.com\\\" rel=\\\"nofollow\\\">Put your button on any page! </a>\", \"in_reply_to_screen_name\": null, \"in_reply_to_user_id\": null, \"retweet_count\": 0, \"id_str\": \"799580264900993024\", \"favorited\": false, \"user\": {\"follow_request_sent\": false, \"has_extended_profile\": true, \"profile_use_background_image\": false, \"default_profile_image\": false, \"id\": 23950489, \"profile_background_image_url_https\": \"https://abs.twimg.com/images/themes/theme9/bg.gif\", \"verified\": false, \"translator_type\": \"none\", \"profile_text_color\": \"666666\", \"profile_image_url_https\": \"https://pbs.twimg.com/profile_images/728646961381945345/4idCTiFV_normal.jpg\", \"profile_sidebar_fill_color\": \"252429\", \"entities\": {\"url\": {\"urls\": [{\"url\": \"https://t.co/uWjHAleMuM\", \"indices\": [0, 23], \"expanded_url\": \"http://www.abdn.ac.uk/hsru/people/h.morgan/\", \"display_url\": \"abdn.ac.uk/hsru/people/h.\\u2026\"}]}, \"description\": {\"urls\": []}}, \"followers_count\": 1256, \"profile_sidebar_border_color\": \"181A1E\", \"id_str\": \"23950489\", \"profile_background_color\": \"0A0A0A\", \"listed_count\": 190, \"is_translation_enabled\": false, \"utc_offset\": 0, \"statuses_count\": 7776, \"description\": \"socialscientist | healthservicesresearcher | qualitative/mixedmethodologist | publicengager | \\ud83d\\udc41transformativetechnologies | ManofKent @aberdeenuni\", \"friends_count\": 1863, \"location\": \"Aberdeen, Scotland\", \"profile_link_color\": \"0A0A0A\", \"profile_image_url\": \"http://pbs.twimg.com/profile_images/728646961381945345/4idCTiFV_normal.jpg\", \"following\": false, \"geo_enabled\": true, \"profile_banner_url\": \"https://pbs.twimg.com/profile_banners/23950489/1471720476\", \"profile_background_image_url\": \"http://abs.twimg.com/images/themes/theme9/bg.gif\", \"screen_name\": \"hm_morgan\", \"lang\": \"en\", \"profile_background_tile\": false, \"favourites_count\": 5471, \"name\": \"Heather May Morgan\", \"notifications\": false, \"url\": \"https://t.co/uWjHAleMuM\", \"created_at\": \"Thu Mar 12 13:59:34 +0000 2009\", \"contributors_enabled\": false, \"time_zone\": \"Edinburgh\", \"protected\": false, \"default_profile\": false, \"is_translator\": false}, \"geo\": null, \"in_reply_to_user_id_str\": null, \"possibly_sensitive\": false, \"lang\": \"en\", \"created_at\": \"Fri Nov 18 11:49:25 +0000 2016\", \"in_reply_to_status_id_str\": null, \"place\": null, \"metadata\": {\"iso_language_code\": \"en\", \"result_type\": \"recent\"}}, {\"contributors\": null, \"truncated\": false, \"text\": \"Wearable tech starting to have a virtual and real impact on the workplace - https://t.co/5qmXCxr3V4 #GoogleAlerts @chrishtill\", \"is_quote_status\": false, \"in_reply_to_status_id\": null, \"id\": 799580157493342208, \"favorite_count\": 0, \"entities\": {\"symbols\": [], \"user_mentions\": [{\"id\": 982450927, \"indices\": [114, 125], \"id_str\": \"982450927\", \"screen_name\": \"chrishtill\", \"name\": \"Christopher Till\"}], \"hashtags\": [{\"indices\": [100, 113], \"text\": \"GoogleAlerts\"}], \"urls\": [{\"url\": \"https://t.co/5qmXCxr3V4\", \"indices\": [76, 99], \"expanded_url\": \"http://ln.is/co.za/cNaQT\", \"display_url\": \"ln.is/co.za/cNaQT\"}]}, \"retweeted\": false, \"coordinates\": null, \"source\": \"<a href=\\\"http://linkis.com\\\" rel=\\\"nofollow\\\">Put your button on any page! </a>\", \"in_reply_to_screen_name\": null, \"in_reply_to_user_id\": null, \"retweet_count\": 2, \"id_str\": \"799580157493342208\", \"favorited\": false, \"user\": {\"follow_request_sent\": false, \"has_extended_profile\": true, \"profile_use_background_image\": false, \"default_profile_image\": false, \"id\": 23950489, \"profile_background_image_url_https\": \"https://abs.twimg.com/images/themes/theme9/bg.gif\", \"verified\": false, \"translator_type\": \"none\", \"profile_text_color\": \"666666\", \"profile_image_url_https\": \"https://pbs.twimg.com/profile_images/728646961381945345/4idCTiFV_normal.jpg\", \"profile_sidebar_fill_color\": \"252429\", \"entities\": {\"url\": {\"urls\": [{\"url\": \"https://t.co/uWjHAleMuM\", \"indices\": [0, 23], \"expanded_url\": \"http://www.abdn.ac.uk/hsru/people/h.morgan/\", \"display_url\": \"abdn.ac.uk/hsru/people/h.\\u2026\"}]}, \"description\": {\"urls\": []}}, \"followers_count\": 1256, \"profile_sidebar_border_color\": \"181A1E\", \"id_str\": \"23950489\", \"profile_background_color\": \"0A0A0A\", \"listed_count\": 190, \"is_translation_enabled\": false, \"utc_offset\": 0, \"statuses_count\": 7776, \"description\": \"socialscientist | healthservicesresearcher | qualitative/mixedmethodologist | publicengager | \\ud83d\\udc41transformativetechnologies | ManofKent @aberdeenuni\", \"friends_count\": 1863, \"location\": \"Aberdeen, Scotland\", \"profile_link_color\": \"0A0A0A\", \"profile_image_url\": \"http://pbs.twimg.com/profile_images/728646961381945345/4idCTiFV_normal.jpg\", \"following\": false, \"geo_enabled\": true, \"profile_banner_url\": \"https://pbs.twimg.com/profile_banners/23950489/1471720476\", \"profile_background_image_url\": \"http://abs.twimg.com/images/themes/theme9/bg.gif\", \"screen_name\": \"hm_morgan\", \"lang\": \"en\", \"profile_background_tile\": false, \"favourites_count\": 5471, \"name\": \"Heather May Morgan\", \"notifications\": false, \"url\": \"https://t.co/uWjHAleMuM\", \"created_at\": \"Thu Mar 12 13:59:34 +0000 2009\", \"contributors_enabled\": false, \"time_zone\": \"Edinburgh\", \"protected\": false, \"default_profile\": false, \"is_translator\": false}, \"geo\": null, \"in_reply_to_user_id_str\": null, \"possibly_sensitive\": false, \"lang\": \"en\", \"created_at\": \"Fri Nov 18 11:48:59 +0000 2016\", \"in_reply_to_status_id_str\": null, \"place\": null, \"metadata\": {\"iso_language_code\": \"en\", \"result_type\": \"recent\"}}]}"],"id":1}]]},"ace":{"folds":[],"scrolltop":0,"scrollleft":37750,"selection":{"start":{"row":0,"column":6485},"end":{"row":0,"column":6485},"isBackwards":false},"options":{"guessTabSize":true,"useWrapMode":false,"wrapToView":true},"firstLineState":0},"timestamp":1479509800755,"hash":"239a59a7e695a8a01f70cf6f8129882f4ce06191"}