{"paths": {"admin/fonts/Roboto-Bold-webfont.woff": "admin/fonts/Roboto-Bold-webfont.2ad99072841e.woff", "admin/fonts/Roboto-Regular-webfont.woff": "admin/fonts/Roboto-Regular-webfont.ec39515ae8c6.woff", "admin/fonts/Roboto-Light-webfont.woff": "admin/fonts/Roboto-Light-webfont.b446c2399bb6.woff", "admin/css/widgets.css": "admin/css/widgets.a7251c097987.css", "admin/img/icon-addlink.svg": "admin/img/icon-addlink.d519b3bab011.svg", "admin/img/search.svg": "admin/img/search.7cf54ff789c6.svg", "admin/img/selector-icons.svg": "admin/img/selector-icons.b4555096cea2.svg", "admin/img/icon-unknown.svg": "admin/img/icon-unknown.a18cb4398978.svg", "admin/img/icon-unknown-alt.svg": "admin/img/icon-unknown-alt.81536e128bb6.svg", "admin/img/icon-clock.svg": "admin/img/icon-clock.e1d4dfac3f2b.svg", "admin/img/icon-calendar.svg": "admin/img/icon-calendar.ac7aea671bea.svg", "admin/img/calendar-icons.svg": "admin/img/calendar-icons.39b290681a8b.svg", "admin/img/inline-delete.svg": "admin/img/inline-delete.fec1b761f254.svg", "admin/css/fonts.css": "admin/css/fonts.cc6140298ba7.css", "admin/img/sorting-icons.svg": "admin/img/sorting-icons.3a097b59f104.svg", "admin/img/icon-yes.svg": "admin/img/icon-yes.d2f9f035226a.svg", "admin/img/icon-alert.svg": "admin/img/icon-alert.034cc7d8a67f.svg", "admin/img/icon-no.svg": "admin/img/icon-no.439e821418cd.svg", "admin/img/icon-changelink.svg": "admin/img/icon-changelink.18d2fd706348.svg", "admin/img/icon-deletelink.svg": "admin/img/icon-deletelink.564ef9dc3854.svg", "admin/img/tooltag-arrowright.svg": "admin/img/tooltag-arrowright.bbfb788a849e.svg", "admin/img/tooltag-add.svg": "admin/img/tooltag-add.e59d620a9742.svg", "admin/js/vendor/jquery/LICENSE-JQUERY.txt": "admin/js/vendor/jquery/LICENSE-JQUERY.a158210a2737.txt", "admin/js/vendor/jquery/jquery.min.js": "admin/js/vendor/jquery/jquery.min.f9c7afd05729.js", "admin/js/vendor/jquery/jquery.js": "admin/js/vendor/jquery/jquery.107fbe9555bf.js", "admin/js/vendor/xregexp/LICENSE-XREGEXP.txt": "admin/js/vendor/xregexp/LICENSE-XREGEXP.d64cecf4f157.txt", "admin/js/vendor/xregexp/xregexp.min.js": "admin/js/vendor/xregexp/xregexp.min.c95393b8ca4d.js", "admin/js/admin/RelatedObjectLookups.js": "admin/js/admin/RelatedObjectLookups.36c818a27bcc.js", "admin/js/admin/DateTimeShortcuts.js": "admin/js/admin/DateTimeShortcuts.fa515fdd6bee.js", "admin/img/gis/move_vertex_off.svg": "admin/img/gis/move_vertex_off.7a23bf31ef8a.svg", "admin/img/gis/move_vertex_on.svg": "admin/img/gis/move_vertex_on.0047eba25b67.svg", "admin/css/forms.css": "admin/css/forms.70b858e61281.css", "admin/css/changelists.css": "admin/css/changelists.32a12db9a480.css", "admin/css/dashboard.css": "admin/css/dashboard.4898e2e9983d.css", "admin/css/login.css": "admin/css/login.a846c0e2ef65.css", "admin/css/base.css": "admin/css/base.9f6547179ace.css", "admin/css/rtl.css": "admin/css/rtl.e024aaf6df25.css", "admin/js/actions.js": "admin/js/actions.df9119bcc981.js", "admin/js/collapse.min.js": "admin/js/collapse.min.dc930adb2821.js", "admin/js/jquery.init.js": "admin/js/jquery.init.95b62fa19378.js", "admin/js/inlines.min.js": "admin/js/inlines.min.91c080dc1cbf.js", "admin/js/collapse.js": "admin/js/collapse.17d715df2104.js", "admin/js/urlify.js": "admin/js/urlify.72f9b26e3ecd.js", "admin/js/actions.min.js": "admin/js/actions.min.c8d91e1d05fe.js", "admin/js/core.js": "admin/js/core.55f19d9d5953.js", "admin/js/inlines.js": "admin/js/inlines.8199258210ef.js", "admin/js/SelectBox.js": "admin/js/SelectBox.9b544c47149c.js", "admin/js/prepopulate.min.js": "admin/js/prepopulate.min.f4057ebb9b62.js", "admin/js/calendar.js": "admin/js/calendar.847972dc11ca.js", "admin/js/prepopulate.js": "admin/js/prepopulate.ff9208865444.js", "admin/js/timeparse.js": "admin/js/timeparse.51258861a46a.js", "admin/js/SelectFilter2.js": "admin/js/SelectFilter2.92ca1fea6656.js", "admin/fonts/LICENSE.txt": "admin/fonts/LICENSE.d273d63619c9.txt", "admin/fonts/README.txt": "admin/fonts/README.2c3d0bcdede2.txt", "admin/img/README.txt": "admin/img/README.837277fa1908.txt", "admin/img/LICENSE": "admin/img/LICENSE.2c54f4e1ca1c", "css/index.css": "css/index.6179166dbe7b.css"}, "version": "1.0"}